classifier,bot40_mean,bot40_std,bot40_min,bot40_max,full_mean,full_min,gain_mean
SVM-RBF,0.9864842249284954,0.0210866842661903,0.92,1.0,0.9545782859151531,0.7893368010403121,0.031905939013342426
LinearSVM,0.9860835793110815,0.0315759489231479,0.893368010403121,1.0,0.9490121443212627,0.846553966189857,0.03707143498981897
LR,0.9940616478728929,0.010404588429946099,0.963076923076923,1.0,0.9759876465764589,0.846553966189857,0.018074001296434095
KNN,0.9860480234465819,0.01839192136447894,0.9323076923076923,1.0,0.9752369496159582,0.8595578673602081,0.01081107383062376
